01 - The Fellowship Of The Ring,The Wise Man's Fear - Patrick Rothfuss,1
01 - The Fellowship Of The Ring,The Girl with the Dragon Tattoo - Stieg Larsson,1
01 - The Fellowship Of The Ring,A Thousand Splendid Suns - Khaled Hosseini,1
02 - The Two Towers,Iron Gold - Pierce Brown,1
02 - The Two Towers,Eldest - Christopher Paolini,1
02 - The Two Towers,Eragon - Christopher Paolini,1
02 - The Two Towers,Brisingr - Christopher Paolini,1
The Count of Monte Cristo - Alexandre Dumas; Robin Buss,Bel Canto - Ann Patchett,1
Defending Jacob - William Landay,Dark Age - Pierce Brown,1
Defending Jacob - William Landay,Golden Son - Pierce Brown,1
Defending Jacob - William Landay,Morning Star - Pierce Brown,1
Defending Jacob - William Landay,Iron Gold - Pierce Brown,1
Prey - Michael Crichton,Iron Gold - Pierce Brown,1
"Elon Musk_ Tesla, SpaceX, and the Quest fo - Ashlee Vance",Becoming - Michelle Obama,1
Shoe Dog - Phil Knight,Bel Canto - Ann Patchett,1
Shoe Dog - Phil Knight,The Wise Man's Fear - Patrick Rothfuss,1
Shoe Dog - Phil Knight,The Immortalists - Chloe Benjamin,1
Educated - Tara Westover,The Immortalists - Chloe Benjamin,1
Ender's Game - Orson Scott Card,Iron Gold - Pierce Brown,1
Ender's Game - Orson Scott Card,Eldest - Christopher Paolini,1
The Wagers - Sean Michaels,Bel Canto - Ann Patchett,1
The Wagers - Sean Michaels,The Wise Man's Fear - Patrick Rothfuss,1
The Wagers - Sean Michaels,The Immortalists - Chloe Benjamin,1
Dark Age - Pierce Brown,Defending Jacob - William Landay,1
Dark Age - Pierce Brown,Golden Son - Pierce Brown,1
Dark Age - Pierce Brown,Morning Star - Pierce Brown,1
Dark Age - Pierce Brown,Iron Gold - Pierce Brown,1
Dark Age - Pierce Brown,Eldest - Christopher Paolini,1
Dark Age - Pierce Brown,Eragon - Christopher Paolini,1
Dark Age - Pierce Brown,"Inheritance - Paolini, Christopher",1
Dark Age - Pierce Brown,Brisingr - Christopher Paolini,1
Dark Age - Pierce Brown,Red Rising - Pierce Brown,1
Golden Son - Pierce Brown,Defending Jacob - William Landay,1
Golden Son - Pierce Brown,Dark Age - Pierce Brown,1
Golden Son - Pierce Brown,Morning Star - Pierce Brown,1
Golden Son - Pierce Brown,Iron Gold - Pierce Brown,1
Golden Son - Pierce Brown,Eldest - Christopher Paolini,1
Golden Son - Pierce Brown,Eragon - Christopher Paolini,1
Golden Son - Pierce Brown,"Inheritance - Paolini, Christopher",1
Golden Son - Pierce Brown,Brisingr - Christopher Paolini,1
Golden Son - Pierce Brown,Red Rising - Pierce Brown,1
Golden Son - Pierce Brown,A Thousand Splendid Suns - Khaled Hosseini,1
Morning Star - Pierce Brown,Defending Jacob - William Landay,1
Morning Star - Pierce Brown,Dark Age - Pierce Brown,1
Morning Star - Pierce Brown,Golden Son - Pierce Brown,1
Morning Star - Pierce Brown,Iron Gold - Pierce Brown,1
Morning Star - Pierce Brown,Eldest - Christopher Paolini,1
Morning Star - Pierce Brown,Eragon - Christopher Paolini,1
Morning Star - Pierce Brown,"Inheritance - Paolini, Christopher",1
Morning Star - Pierce Brown,Brisingr - Christopher Paolini,1
Morning Star - Pierce Brown,Red Rising - Pierce Brown,1
Iron Gold - Pierce Brown,02 - The Two Towers,1
Iron Gold - Pierce Brown,Defending Jacob - William Landay,1
Iron Gold - Pierce Brown,Prey - Michael Crichton,1
Iron Gold - Pierce Brown,Ender's Game - Orson Scott Card,1
Iron Gold - Pierce Brown,Dark Age - Pierce Brown,1
Iron Gold - Pierce Brown,Golden Son - Pierce Brown,1
Iron Gold - Pierce Brown,Morning Star - Pierce Brown,1
Iron Gold - Pierce Brown,Eldest - Christopher Paolini,1
Iron Gold - Pierce Brown,Eragon - Christopher Paolini,1
Iron Gold - Pierce Brown,"Inheritance - Paolini, Christopher",1
Iron Gold - Pierce Brown,Brisingr - Christopher Paolini,1
Iron Gold - Pierce Brown,Red Rising - Pierce Brown,1
Iron Gold - Pierce Brown,A Thousand Splendid Suns - Khaled Hosseini,1
Eldest - Christopher Paolini,02 - The Two Towers,1
Eldest - Christopher Paolini,Ender's Game - Orson Scott Card,1
Eldest - Christopher Paolini,Dark Age - Pierce Brown,1
Eldest - Christopher Paolini,Golden Son - Pierce Brown,1
Eldest - Christopher Paolini,Morning Star - Pierce Brown,1
Eldest - Christopher Paolini,Iron Gold - Pierce Brown,1
Eldest - Christopher Paolini,Eragon - Christopher Paolini,1
Eldest - Christopher Paolini,"Inheritance - Paolini, Christopher",1
Eldest - Christopher Paolini,Brisingr - Christopher Paolini,1
Eldest - Christopher Paolini,Red Rising - Pierce Brown,1
Eldest - Christopher Paolini,The Name of the Wind - Patrick Rothfuss,1
Eldest - Christopher Paolini,The Girl with the Dragon Tattoo - Stieg Larsson,1
Eldest - Christopher Paolini,Invisible Man - Ralph Ellison,1
Eragon - Christopher Paolini,02 - The Two Towers,1
Eragon - Christopher Paolini,Dark Age - Pierce Brown,1
Eragon - Christopher Paolini,Golden Son - Pierce Brown,1
Eragon - Christopher Paolini,Morning Star - Pierce Brown,1
Eragon - Christopher Paolini,Iron Gold - Pierce Brown,1
Eragon - Christopher Paolini,Eldest - Christopher Paolini,1
Eragon - Christopher Paolini,"Inheritance - Paolini, Christopher",1
Eragon - Christopher Paolini,Brisingr - Christopher Paolini,1
"Inheritance - Paolini, Christopher",Dark Age - Pierce Brown,1
"Inheritance - Paolini, Christopher",Golden Son - Pierce Brown,1
"Inheritance - Paolini, Christopher",Morning Star - Pierce Brown,1
"Inheritance - Paolini, Christopher",Iron Gold - Pierce Brown,1
"Inheritance - Paolini, Christopher",Eldest - Christopher Paolini,1
"Inheritance - Paolini, Christopher",Eragon - Christopher Paolini,1
"Inheritance - Paolini, Christopher",Brisingr - Christopher Paolini,1
Brisingr - Christopher Paolini,02 - The Two Towers,1
Brisingr - Christopher Paolini,Dark Age - Pierce Brown,1
Brisingr - Christopher Paolini,Golden Son - Pierce Brown,1
Brisingr - Christopher Paolini,Morning Star - Pierce Brown,1
Brisingr - Christopher Paolini,Iron Gold - Pierce Brown,1
Brisingr - Christopher Paolini,Eldest - Christopher Paolini,1
Brisingr - Christopher Paolini,Eragon - Christopher Paolini,1
Brisingr - Christopher Paolini,"Inheritance - Paolini, Christopher",1
Red Rising - Pierce Brown,Dark Age - Pierce Brown,1
Red Rising - Pierce Brown,Golden Son - Pierce Brown,1
Red Rising - Pierce Brown,Morning Star - Pierce Brown,1
Red Rising - Pierce Brown,Iron Gold - Pierce Brown,1
Red Rising - Pierce Brown,Eldest - Christopher Paolini,1
Bel Canto - Ann Patchett,The Count of Monte Cristo - Alexandre Dumas; Robin Buss,1
Bel Canto - Ann Patchett,Shoe Dog - Phil Knight,1
Bel Canto - Ann Patchett,The Wagers - Sean Michaels,1
Bel Canto - Ann Patchett,The Wise Man's Fear - Patrick Rothfuss,1
Bel Canto - Ann Patchett,The Immortalists - Chloe Benjamin,1
The Name of the Wind - Patrick Rothfuss,Eldest - Christopher Paolini,1
The Name of the Wind - Patrick Rothfuss,The Wise Man's Fear - Patrick Rothfuss,1
The Name of the Wind - Patrick Rothfuss,The Girl with the Dragon Tattoo - Stieg Larsson,1
The Name of the Wind - Patrick Rothfuss,Invisible Man - Ralph Ellison,1
The Name of the Wind - Patrick Rothfuss,The Immortalists - Chloe Benjamin,1
The Name of the Wind - Patrick Rothfuss,The Kite Runner - Khaled Hosseini,1
The Name of the Wind - Patrick Rothfuss,A Thousand Splendid Suns - Khaled Hosseini,1
The Wise Man's Fear - Patrick Rothfuss,01 - The Fellowship Of The Ring,1
The Wise Man's Fear - Patrick Rothfuss,Shoe Dog - Phil Knight,1
The Wise Man's Fear - Patrick Rothfuss,The Wagers - Sean Michaels,1
The Wise Man's Fear - Patrick Rothfuss,Bel Canto - Ann Patchett,1
The Wise Man's Fear - Patrick Rothfuss,The Name of the Wind - Patrick Rothfuss,1
The Wise Man's Fear - Patrick Rothfuss,The Girl with the Dragon Tattoo - Stieg Larsson,1
The Wise Man's Fear - Patrick Rothfuss,The Immortalists - Chloe Benjamin,1
The Wise Man's Fear - Patrick Rothfuss,The Kite Runner - Khaled Hosseini,1
The Wise Man's Fear - Patrick Rothfuss,A Thousand Splendid Suns - Khaled Hosseini,1
The Girl with the Dragon Tattoo - Stieg Larsson,01 - The Fellowship Of The Ring,1
The Girl with the Dragon Tattoo - Stieg Larsson,Eldest - Christopher Paolini,1
The Girl with the Dragon Tattoo - Stieg Larsson,The Name of the Wind - Patrick Rothfuss,1
The Girl with the Dragon Tattoo - Stieg Larsson,The Wise Man's Fear - Patrick Rothfuss,1
The Girl with the Dragon Tattoo - Stieg Larsson,The Immortalists - Chloe Benjamin,1
The Girl with the Dragon Tattoo - Stieg Larsson,The Kite Runner - Khaled Hosseini,1
Invisible Man - Ralph Ellison,Eldest - Christopher Paolini,1
Invisible Man - Ralph Ellison,The Name of the Wind - Patrick Rothfuss,1
The Immortalists - Chloe Benjamin,Shoe Dog - Phil Knight,1
The Immortalists - Chloe Benjamin,Educated - Tara Westover,1
The Immortalists - Chloe Benjamin,The Wagers - Sean Michaels,1
The Immortalists - Chloe Benjamin,Bel Canto - Ann Patchett,1
The Immortalists - Chloe Benjamin,The Name of the Wind - Patrick Rothfuss,1
The Immortalists - Chloe Benjamin,The Wise Man's Fear - Patrick Rothfuss,1
The Immortalists - Chloe Benjamin,The Girl with the Dragon Tattoo - Stieg Larsson,1
The Immortalists - Chloe Benjamin,The Kite Runner - Khaled Hosseini,1
The Immortalists - Chloe Benjamin,A Thousand Splendid Suns - Khaled Hosseini,1
The Kite Runner - Khaled Hosseini,The Name of the Wind - Patrick Rothfuss,1
The Kite Runner - Khaled Hosseini,The Wise Man's Fear - Patrick Rothfuss,1
The Kite Runner - Khaled Hosseini,The Girl with the Dragon Tattoo - Stieg Larsson,1
The Kite Runner - Khaled Hosseini,The Immortalists - Chloe Benjamin,1
Becoming - Michelle Obama,"Elon Musk_ Tesla, SpaceX, and the Quest fo - Ashlee Vance",1
A Thousand Splendid Suns - Khaled Hosseini,01 - The Fellowship Of The Ring,1
A Thousand Splendid Suns - Khaled Hosseini,Golden Son - Pierce Brown,1
A Thousand Splendid Suns - Khaled Hosseini,Iron Gold - Pierce Brown,1
A Thousand Splendid Suns - Khaled Hosseini,The Name of the Wind - Patrick Rothfuss,1
A Thousand Splendid Suns - Khaled Hosseini,The Wise Man's Fear - Patrick Rothfuss,1
A Thousand Splendid Suns - Khaled Hosseini,The Immortalists - Chloe Benjamin,1
